-- Keep the order of VocabularySet items in sync with the order of Vocabulary items, which makes use of idVocabularySet
INSERT INTO VocabularySet (idVocabularySet, Name, SystemMaintained) VALUES (1, 'CaptureData.CaptureMethod', 1);
INSERT INTO VocabularySet (idVocabularySet, Name, SystemMaintained) VALUES (2, 'CaptureData.DatasetType', 1);
INSERT INTO VocabularySet (idVocabularySet, Name, SystemMaintained) VALUES (3, 'CaptureData.ItemPositionType', 1);
INSERT INTO VocabularySet (idVocabularySet, Name, SystemMaintained) VALUES (4, 'CaptureData.FocusType', 1);
INSERT INTO VocabularySet (idVocabularySet, Name, SystemMaintained) VALUES (5, 'CaptureData.LightSourceType', 1);
INSERT INTO VocabularySet (idVocabularySet, Name, SystemMaintained) VALUES (6, 'CaptureData.BackgroundRemovalMethod', 1);
INSERT INTO VocabularySet (idVocabularySet, Name, SystemMaintained) VALUES (7, 'CaptureData.ClusterType', 1);
INSERT INTO VocabularySet (idVocabularySet, Name, SystemMaintained) VALUES (8, 'CaptureDataFile.VariantType', 1);
INSERT INTO VocabularySet (idVocabularySet, Name, SystemMaintained) VALUES (9, 'Model.CreationMethod', 1);
INSERT INTO VocabularySet (idVocabularySet, Name, SystemMaintained) VALUES (10, 'Model.Modality', 1);
INSERT INTO VocabularySet (idVocabularySet, Name, SystemMaintained) VALUES (11, 'Model.Units', 1);
INSERT INTO VocabularySet (idVocabularySet, Name, SystemMaintained) VALUES (12, 'Model.Purpose', 1);
INSERT INTO VocabularySet (idVocabularySet, Name, SystemMaintained) VALUES (13, 'Model.FileType', 1);
INSERT INTO VocabularySet (idVocabularySet, Name, SystemMaintained) VALUES (14, 'ModelProcessingActionStep.ActionMethod', 1);
INSERT INTO VocabularySet (idVocabularySet, Name, SystemMaintained) VALUES (15, 'ModelMaterialChannel.MaterialType', 1);
INSERT INTO VocabularySet (idVocabularySet, Name, SystemMaintained) VALUES (16, 'Identifier.IdentifierType', 1);
INSERT INTO VocabularySet (idVocabularySet, Name, SystemMaintained) VALUES (17, 'Identifier.IdentifierTypeActor', 1);
INSERT INTO VocabularySet (idVocabularySet, Name, SystemMaintained) VALUES (18, 'Metadata.MetadataSource', 1);
INSERT INTO VocabularySet (idVocabularySet, Name, SystemMaintained) VALUES (19, 'WorkflowStep.WorkflowStepType', 1);
INSERT INTO VocabularySet (idVocabularySet, Name, SystemMaintained) VALUES (20, 'Asset.AssetType', 1);
INSERT INTO VocabularySet (idVocabularySet, Name, SystemMaintained) VALUES (21, 'Job.JobType', 1);
INSERT INTO VocabularySet (idVocabularySet, Name, SystemMaintained) VALUES (22, 'Workflow.Type', 1);
INSERT INTO VocabularySet (idVocabularySet, Name, SystemMaintained) VALUES (23, 'Workflow.Event', 1);
INSERT INTO VocabularySet (idVocabularySet, Name, SystemMaintained) VALUES (24, 'Edan.3DResourceAttributeUnits', 1);
INSERT INTO VocabularySet (idVocabularySet, Name, SystemMaintained) VALUES (25, 'Edan.3DResourceAttributeModelFileType', 1);
INSERT INTO VocabularySet (idVocabularySet, Name, SystemMaintained) VALUES (26, 'Edan.3DResourceAttributeFileType', 1);
INSERT INTO VocabularySet (idVocabularySet, Name, SystemMaintained) VALUES (27, 'Edan.3DResourceType', 1);
INSERT INTO VocabularySet (idVocabularySet, Name, SystemMaintained) VALUES (28, 'Edan.3DResourceCategory', 1);
INSERT INTO VocabularySet (idVocabularySet, Name, SystemMaintained) VALUES (29, 'Edan.MDMFields', 1);

-- Keep the order of VocabularySet items in sync with the order of Vocabulary items, which makes use of idVocabularySet
INSERT INTO Vocabulary (idVocabularySet, SortOrder, Term) VALUES (1, 1, 'Photogrammetry');
INSERT INTO Vocabulary (idVocabularySet, SortOrder, Term) VALUES (1, 2, 'CT');
INSERT INTO Vocabulary (idVocabularySet, SortOrder, Term) VALUES (1, 3, 'Structured Light');
INSERT INTO Vocabulary (idVocabularySet, SortOrder, Term) VALUES (1, 4, 'Laser Line');
INSERT INTO Vocabulary (idVocabularySet, SortOrder, Term) VALUES (1, 5, 'Spherical Laser');
INSERT INTO Vocabulary (idVocabularySet, SortOrder, Term) VALUES (2, 1, 'Photogrammetry Image Set');
INSERT INTO Vocabulary (idVocabularySet, SortOrder, Term) VALUES (2, 2, 'Grey Card Image Set');
INSERT INTO Vocabulary (idVocabularySet, SortOrder, Term) VALUES (2, 3, 'Color Card Image Set');
INSERT INTO Vocabulary (idVocabularySet, SortOrder, Term) VALUES (2, 4, 'Background Removal Image Set');
INSERT INTO Vocabulary (idVocabularySet, SortOrder, Term) VALUES (2, 5, 'Calibration Dataset');
INSERT INTO Vocabulary (idVocabularySet, SortOrder, Term) VALUES (3, 1, 'Relative To Environment');
INSERT INTO Vocabulary (idVocabularySet, SortOrder, Term) VALUES (3, 2, 'Relative To Turntable');
INSERT INTO Vocabulary (idVocabularySet, SortOrder, Term) VALUES (4, 1, 'Fixed');
INSERT INTO Vocabulary (idVocabularySet, SortOrder, Term) VALUES (4, 2, 'Variable');
INSERT INTO Vocabulary (idVocabularySet, SortOrder, Term) VALUES (5, 1, 'Ambient');
INSERT INTO Vocabulary (idVocabularySet, SortOrder, Term) VALUES (5, 2, 'Strobe Standard');
INSERT INTO Vocabulary (idVocabularySet, SortOrder, Term) VALUES (5, 3, 'Strobe Cross');
INSERT INTO Vocabulary (idVocabularySet, SortOrder, Term) VALUES (5, 4, 'Patterned/Structured');
INSERT INTO Vocabulary (idVocabularySet, SortOrder, Term) VALUES (6, 1, 'None');
INSERT INTO Vocabulary (idVocabularySet, SortOrder, Term) VALUES (6, 2, 'Clip Black');
INSERT INTO Vocabulary (idVocabularySet, SortOrder, Term) VALUES (6, 3, 'Clip White');
INSERT INTO Vocabulary (idVocabularySet, SortOrder, Term) VALUES (6, 4, 'Background Subtraction');
INSERT INTO Vocabulary (idVocabularySet, SortOrder, Term) VALUES (7, 1, 'None');
INSERT INTO Vocabulary (idVocabularySet, SortOrder, Term) VALUES (7, 2, 'Array');
INSERT INTO Vocabulary (idVocabularySet, SortOrder, Term) VALUES (7, 3, 'Spherical Image Station');
INSERT INTO Vocabulary (idVocabularySet, SortOrder, Term) VALUES (7, 4, 'Focal Stack Position Based');
INSERT INTO Vocabulary (idVocabularySet, SortOrder, Term) VALUES (7, 5, 'Focal Stack Focus Based');
INSERT INTO Vocabulary (idVocabularySet, SortOrder, Term) VALUES (8, 1, 'Raw');
INSERT INTO Vocabulary (idVocabularySet, SortOrder, Term) VALUES (8, 2, 'Processed');
INSERT INTO Vocabulary (idVocabularySet, SortOrder, Term) VALUES (8, 3, 'From Camera');
INSERT INTO Vocabulary (idVocabularySet, SortOrder, Term) VALUES (9, 1, 'Scan To Mesh');
INSERT INTO Vocabulary (idVocabularySet, SortOrder, Term) VALUES (9, 2, 'CAD');
INSERT INTO Vocabulary (idVocabularySet, SortOrder, Term) VALUES (10, 1, 'Point Cloud');
INSERT INTO Vocabulary (idVocabularySet, SortOrder, Term) VALUES (10, 2, 'Mesh');
INSERT INTO Vocabulary (idVocabularySet, SortOrder, Term) VALUES (11, 1, 'Micrometer');
INSERT INTO Vocabulary (idVocabularySet, SortOrder, Term) VALUES (11, 2, 'Millimeter');
INSERT INTO Vocabulary (idVocabularySet, SortOrder, Term) VALUES (11, 3, 'Centimeter');
INSERT INTO Vocabulary (idVocabularySet, SortOrder, Term) VALUES (11, 4, 'Meter');
INSERT INTO Vocabulary (idVocabularySet, SortOrder, Term) VALUES (11, 5, 'Kilometer');
INSERT INTO Vocabulary (idVocabularySet, SortOrder, Term) VALUES (11, 6, 'Inch');
INSERT INTO Vocabulary (idVocabularySet, SortOrder, Term) VALUES (11, 7, 'Foot');
INSERT INTO Vocabulary (idVocabularySet, SortOrder, Term) VALUES (11, 8, 'Yard');
INSERT INTO Vocabulary (idVocabularySet, SortOrder, Term) VALUES (11, 9, 'Mile');
INSERT INTO Vocabulary (idVocabularySet, SortOrder, Term) VALUES (11, 10, 'Astronomical Unit');
INSERT INTO Vocabulary (idVocabularySet, SortOrder, Term) VALUES (12, 1, 'Master');
INSERT INTO Vocabulary (idVocabularySet, SortOrder, Term) VALUES (12, 2, 'Voyager Scene Model');
INSERT INTO Vocabulary (idVocabularySet, SortOrder, Term) VALUES (12, 3, 'Download');
INSERT INTO Vocabulary (idVocabularySet, SortOrder, Term) VALUES (12, 4, 'Intermediate Processing Step');
INSERT INTO Vocabulary (idVocabularySet, SortOrder, Term) VALUES (13, 1, 'obj - Alias Wavefront Object');
INSERT INTO Vocabulary (idVocabularySet, SortOrder, Term) VALUES (13, 2, 'ply - Stanford Polygon File Format');
INSERT INTO Vocabulary (idVocabularySet, SortOrder, Term) VALUES (13, 3, 'stl - StereoLithography');
INSERT INTO Vocabulary (idVocabularySet, SortOrder, Term) VALUES (13, 4, 'glb - GL Transmission Format Binary');
INSERT INTO Vocabulary (idVocabularySet, SortOrder, Term) VALUES (13, 5, 'gltf - GL Transmission Format');
INSERT INTO Vocabulary (idVocabularySet, SortOrder, Term) VALUES (13, 6, 'usd - Universal Scene Description');
INSERT INTO Vocabulary (idVocabularySet, SortOrder, Term) VALUES (13, 7, 'usdz - Universal Scene Description (zipped)');
INSERT INTO Vocabulary (idVocabularySet, SortOrder, Term) VALUES (13, 8, 'x3d');
INSERT INTO Vocabulary (idVocabularySet, SortOrder, Term) VALUES (13, 9, 'wrl - VRML');
INSERT INTO Vocabulary (idVocabularySet, SortOrder, Term) VALUES (13, 10, 'dae - COLLADA');
INSERT INTO Vocabulary (idVocabularySet, SortOrder, Term) VALUES (13, 11, 'fbx - Filmbox');
INSERT INTO Vocabulary (idVocabularySet, SortOrder, Term) VALUES (13, 12, 'ma - Maya');
INSERT INTO Vocabulary (idVocabularySet, SortOrder, Term) VALUES (13, 13, '3ds - 3D Studio');
INSERT INTO Vocabulary (idVocabularySet, SortOrder, Term) VALUES (13, 14, 'ptx');
INSERT INTO Vocabulary (idVocabularySet, SortOrder, Term) VALUES (13, 15, 'pts');
INSERT INTO Vocabulary (idVocabularySet, SortOrder, Term) VALUES (15, 1, 'Diffuse');
INSERT INTO Vocabulary (idVocabularySet, SortOrder, Term) VALUES (15, 2, 'Specular');
INSERT INTO Vocabulary (idVocabularySet, SortOrder, Term) VALUES (15, 3, 'Ambient');
INSERT INTO Vocabulary (idVocabularySet, SortOrder, Term) VALUES (15, 4, 'Emissive');
INSERT INTO Vocabulary (idVocabularySet, SortOrder, Term) VALUES (15, 5, 'Bump');
INSERT INTO Vocabulary (idVocabularySet, SortOrder, Term) VALUES (15, 6, 'Normal');
INSERT INTO Vocabulary (idVocabularySet, SortOrder, Term) VALUES (15, 7, 'Glossiness');
INSERT INTO Vocabulary (idVocabularySet, SortOrder, Term) VALUES (15, 8, 'Opacity');
INSERT INTO Vocabulary (idVocabularySet, SortOrder, Term) VALUES (15, 9, 'Displacement');
INSERT INTO Vocabulary (idVocabularySet, SortOrder, Term) VALUES (15, 10, 'Occlusion');
INSERT INTO Vocabulary (idVocabularySet, SortOrder, Term) VALUES (15, 11, 'Reflection');
INSERT INTO Vocabulary (idVocabularySet, SortOrder, Term) VALUES (15, 12, 'Metalness');
INSERT INTO Vocabulary (idVocabularySet, SortOrder, Term) VALUES (15, 13, 'Roughness');
INSERT INTO Vocabulary (idVocabularySet, SortOrder, Term) VALUES (15, 14, 'None');
INSERT INTO Vocabulary (idVocabularySet, SortOrder, Term) VALUES (15, 15, 'Unknown');
INSERT INTO Vocabulary (idVocabularySet, SortOrder, Term) VALUES (16, 1, 'ARK');
INSERT INTO Vocabulary (idVocabularySet, SortOrder, Term) VALUES (16, 2, 'DOI');
INSERT INTO Vocabulary (idVocabularySet, SortOrder, Term) VALUES (16, 3, 'Edan Record ID');
INSERT INTO Vocabulary (idVocabularySet, SortOrder, Term) VALUES (16, 4, 'Accession #');
INSERT INTO Vocabulary (idVocabularySet, SortOrder, Term) VALUES (16, 5, 'Accession Number');
INSERT INTO Vocabulary (idVocabularySet, SortOrder, Term) VALUES (16, 6, 'Archives Collection Number');
INSERT INTO Vocabulary (idVocabularySet, SortOrder, Term) VALUES (16, 7, 'Bank Charter Number');
INSERT INTO Vocabulary (idVocabularySet, SortOrder, Term) VALUES (16, 8, 'Barcode');
INSERT INTO Vocabulary (idVocabularySet, SortOrder, Term) VALUES (16, 9, 'Call Number');
INSERT INTO Vocabulary (idVocabularySet, SortOrder, Term) VALUES (16, 10, 'Catalog ID');
INSERT INTO Vocabulary (idVocabularySet, SortOrder, Term) VALUES (16, 11, 'Catalog Number');
INSERT INTO Vocabulary (idVocabularySet, SortOrder, Term) VALUES (16, 12, 'Collector/Donor Number');
INSERT INTO Vocabulary (idVocabularySet, SortOrder, Term) VALUES (16, 13, 'Control Number');
INSERT INTO Vocabulary (idVocabularySet, SortOrder, Term) VALUES (16, 14, 'Design Patent Number');
INSERT INTO Vocabulary (idVocabularySet, SortOrder, Term) VALUES (16, 15, 'Designer Number');
INSERT INTO Vocabulary (idVocabularySet, SortOrder, Term) VALUES (16, 16, 'Field Identifier');
INSERT INTO Vocabulary (idVocabularySet, SortOrder, Term) VALUES (16, 17, 'GUID');
INSERT INTO Vocabulary (idVocabularySet, SortOrder, Term) VALUES (16, 18, 'ID Number');
INSERT INTO Vocabulary (idVocabularySet, SortOrder, Term) VALUES (16, 19, 'Identifier');
INSERT INTO Vocabulary (idVocabularySet, SortOrder, Term) VALUES (16, 20, 'Image ID');
INSERT INTO Vocabulary (idVocabularySet, SortOrder, Term) VALUES (16, 21, 'Image Number');
INSERT INTO Vocabulary (idVocabularySet, SortOrder, Term) VALUES (16, 22, 'Inventory Number');
INSERT INTO Vocabulary (idVocabularySet, SortOrder, Term) VALUES (16, 23, 'ISBN');
INSERT INTO Vocabulary (idVocabularySet, SortOrder, Term) VALUES (16, 24, 'ISSN');
INSERT INTO Vocabulary (idVocabularySet, SortOrder, Term) VALUES (16, 25, 'Label Number');
INSERT INTO Vocabulary (idVocabularySet, SortOrder, Term) VALUES (16, 26, 'License Number');
INSERT INTO Vocabulary (idVocabularySet, SortOrder, Term) VALUES (16, 27, 'Local Number');
INSERT INTO Vocabulary (idVocabularySet, SortOrder, Term) VALUES (16, 28, 'Maker Number');
INSERT INTO Vocabulary (idVocabularySet, SortOrder, Term) VALUES (16, 29, 'Model Number');
INSERT INTO Vocabulary (idVocabularySet, SortOrder, Term) VALUES (16, 30, 'Nonaccession Number');
INSERT INTO Vocabulary (idVocabularySet, SortOrder, Term) VALUES (16, 31, 'Object Number');
INSERT INTO Vocabulary (idVocabularySet, SortOrder, Term) VALUES (16, 32, 'Original Object Identifier');
INSERT INTO Vocabulary (idVocabularySet, SortOrder, Term) VALUES (16, 33, 'Other Numbers');
INSERT INTO Vocabulary (idVocabularySet, SortOrder, Term) VALUES (16, 34, 'Patent Number');
INSERT INTO Vocabulary (idVocabularySet, SortOrder, Term) VALUES (16, 35, 'Plate Letters');
INSERT INTO Vocabulary (idVocabularySet, SortOrder, Term) VALUES (16, 36, 'Plate Number');
INSERT INTO Vocabulary (idVocabularySet, SortOrder, Term) VALUES (16, 37, 'Publisher Number');
INSERT INTO Vocabulary (idVocabularySet, SortOrder, Term) VALUES (16, 38, 'Record ID');
INSERT INTO Vocabulary (idVocabularySet, SortOrder, Term) VALUES (16, 39, 'Record Number');
INSERT INTO Vocabulary (idVocabularySet, SortOrder, Term) VALUES (16, 40, 'Serial Number');
INSERT INTO Vocabulary (idVocabularySet, SortOrder, Term) VALUES (16, 41, 'Series Standard Number');
INSERT INTO Vocabulary (idVocabularySet, SortOrder, Term) VALUES (16, 42, 'Standard Number');
INSERT INTO Vocabulary (idVocabularySet, SortOrder, Term) VALUES (16, 43, 'USNM Number');
INSERT INTO Vocabulary (idVocabularySet, SortOrder, Term) VALUES (17, 1, 'ORCID');
INSERT INTO Vocabulary (idVocabularySet, SortOrder, Term) VALUES (17, 2, 'ISNI');
INSERT INTO Vocabulary (idVocabularySet, SortOrder, Term) VALUES (18, 1, 'Bulk Ingestion');
INSERT INTO Vocabulary (idVocabularySet, SortOrder, Term) VALUES (20, 1, 'Bulk Ingestion');
INSERT INTO Vocabulary (idVocabularySet, SortOrder, Term) VALUES (20, 2, 'Capture Data Set: Photogrammetry');
INSERT INTO Vocabulary (idVocabularySet, SortOrder, Term) VALUES (20, 3, 'Capture Data Set: Diconde');
INSERT INTO Vocabulary (idVocabularySet, SortOrder, Term) VALUES (20, 4, 'Capture Data Set: Dicom');
INSERT INTO Vocabulary (idVocabularySet, SortOrder, Term) VALUES (20, 5, 'Capture Data Set: Laser Line');
INSERT INTO Vocabulary (idVocabularySet, SortOrder, Term) VALUES (20, 6, 'Capture Data Set: Spherical Laser');
INSERT INTO Vocabulary (idVocabularySet, SortOrder, Term) VALUES (20, 7, 'Capture Data Set: Structured Light');
INSERT INTO Vocabulary (idVocabularySet, SortOrder, Term) VALUES (20, 8, 'Capture Data Set: Other');
INSERT INTO Vocabulary (idVocabularySet, SortOrder, Term) VALUES (20, 9, 'Capture Data File');
INSERT INTO Vocabulary (idVocabularySet, SortOrder, Term) VALUES (20, 10, 'Model');
INSERT INTO Vocabulary (idVocabularySet, SortOrder, Term) VALUES (20, 11, 'Model Geometry File');
INSERT INTO Vocabulary (idVocabularySet, SortOrder, Term) VALUES (20, 12, 'Model UV Map File');
INSERT INTO Vocabulary (idVocabularySet, SortOrder, Term) VALUES (20, 13, 'Scene');
INSERT INTO Vocabulary (idVocabularySet, SortOrder, Term) VALUES (20, 14, 'Project Documentation');
INSERT INTO Vocabulary (idVocabularySet, SortOrder, Term) VALUES (20, 15, 'Intermediary File');
INSERT INTO Vocabulary (idVocabularySet, SortOrder, Term) VALUES (20, 16, 'Attachment');
INSERT INTO Vocabulary (idVocabularySet, SortOrder, Term) VALUES (20, 17, 'Other');
INSERT INTO Vocabulary (idVocabularySet, SortOrder, Term) VALUES (21, 1, 'Cook: bake');
INSERT INTO Vocabulary (idVocabularySet, SortOrder, Term) VALUES (21, 2, 'Cook: decimate-unwrap');
INSERT INTO Vocabulary (idVocabularySet, SortOrder, Term) VALUES (21, 3, 'Cook: decimate');
INSERT INTO Vocabulary (idVocabularySet, SortOrder, Term) VALUES (21, 4, 'Cook: generate-usdz');
INSERT INTO Vocabulary (idVocabularySet, SortOrder, Term) VALUES (21, 5, 'Cook: generate-web-gltf');
INSERT INTO Vocabulary (idVocabularySet, SortOrder, Term) VALUES (21, 6, 'Cook: inspect-mesh');
INSERT INTO Vocabulary (idVocabularySet, SortOrder, Term) VALUES (21, 7, 'Cook: si-ar-backfill-fix');
INSERT INTO Vocabulary (idVocabularySet, SortOrder, Term) VALUES (21, 8, 'Cook: si-generate-downloads');
INSERT INTO Vocabulary (idVocabularySet, SortOrder, Term) VALUES (21, 9, 'Cook: si-orient-model-to-svx');
INSERT INTO Vocabulary (idVocabularySet, SortOrder, Term) VALUES (21, 10, 'Cook: si-packrat-inspect');
INSERT INTO Vocabulary (idVocabularySet, SortOrder, Term) VALUES (21, 11, 'Cook: si-voyager-asset');
INSERT INTO Vocabulary (idVocabularySet, SortOrder, Term) VALUES (21, 12, 'Cook: si-voyager-scene');
INSERT INTO Vocabulary (idVocabularySet, SortOrder, Term) VALUES (21, 13, 'Cook: unwrap');
INSERT INTO Vocabulary (idVocabularySet, SortOrder, Term) VALUES (22, 1, 'Cook Job');
INSERT INTO Vocabulary (idVocabularySet, SortOrder, Term) VALUES (19, 1, 'Start');
INSERT INTO Vocabulary (idVocabularySet, SortOrder, Term) VALUES (23, 1, 'Ingestion: Upload Asset Version');
INSERT INTO Vocabulary (idVocabularySet, SortOrder, Term) VALUES (23, 2, 'Ingestion: Ingest Object');
INSERT INTO Vocabulary (idVocabularySet, SortOrder, Term) VALUES (22, 2, 'Ingestion');
INSERT INTO Vocabulary (idVocabularySet, SortOrder, Term) VALUES (22, 3, 'Upload');
INSERT INTO Vocabulary (idVocabularySet, SortOrder, Term) VALUES (18, 2, 'Image');
INSERT INTO Vocabulary (idVocabularySet, SortOrder, Term) VALUES (24, 1, 'mm');
INSERT INTO Vocabulary (idVocabularySet, SortOrder, Term) VALUES (24, 2, 'cm');
INSERT INTO Vocabulary (idVocabularySet, SortOrder, Term) VALUES (24, 3, 'm');
INSERT INTO Vocabulary (idVocabularySet, SortOrder, Term) VALUES (24, 4, 'km');
INSERT INTO Vocabulary (idVocabularySet, SortOrder, Term) VALUES (24, 5, 'in');
INSERT INTO Vocabulary (idVocabularySet, SortOrder, Term) VALUES (24, 6, 'ft');
INSERT INTO Vocabulary (idVocabularySet, SortOrder, Term) VALUES (24, 7, 'yd');
INSERT INTO Vocabulary (idVocabularySet, SortOrder, Term) VALUES (24, 8, 'mi');
INSERT INTO Vocabulary (idVocabularySet, SortOrder, Term) VALUES (25, 1, 'obj');
INSERT INTO Vocabulary (idVocabularySet, SortOrder, Term) VALUES (25, 2, 'ply');
INSERT INTO Vocabulary (idVocabularySet, SortOrder, Term) VALUES (25, 3, 'stl');
INSERT INTO Vocabulary (idVocabularySet, SortOrder, Term) VALUES (25, 4, 'glb');
INSERT INTO Vocabulary (idVocabularySet, SortOrder, Term) VALUES (25, 5, 'x3d');
INSERT INTO Vocabulary (idVocabularySet, SortOrder, Term) VALUES (25, 6, 'gltf');
INSERT INTO Vocabulary (idVocabularySet, SortOrder, Term) VALUES (25, 7, 'usdz');
INSERT INTO Vocabulary (idVocabularySet, SortOrder, Term) VALUES (26, 1, 'zip');
INSERT INTO Vocabulary (idVocabularySet, SortOrder, Term) VALUES (26, 2, 'glb');
INSERT INTO Vocabulary (idVocabularySet, SortOrder, Term) VALUES (26, 3, 'usdz');
INSERT INTO Vocabulary (idVocabularySet, SortOrder, Term) VALUES (27, 1, '3d mesh');
INSERT INTO Vocabulary (idVocabularySet, SortOrder, Term) VALUES (27, 2, 'CAD model');
INSERT INTO Vocabulary (idVocabularySet, SortOrder, Term) VALUES (28, 1, 'Full resolution');
INSERT INTO Vocabulary (idVocabularySet, SortOrder, Term) VALUES (28, 2, 'Medium resolution');
INSERT INTO Vocabulary (idVocabularySet, SortOrder, Term) VALUES (28, 3, 'Low resolution');
INSERT INTO Vocabulary (idVocabularySet, SortOrder, Term) VALUES (28, 4, 'Watertight');
INSERT INTO Vocabulary (idVocabularySet, SortOrder, Term) VALUES (28, 5, 'iOS AR model');
INSERT INTO Vocabulary (idVocabularySet, SortOrder, Term) VALUES (29, 1, 'Label');
INSERT INTO Vocabulary (idVocabularySet, SortOrder, Term) VALUES (29, 2, 'Title');
INSERT INTO Vocabulary (idVocabularySet, SortOrder, Term) VALUES (29, 3, 'Record ID');
INSERT INTO Vocabulary (idVocabularySet, SortOrder, Term) VALUES (29, 4, 'Unit');
INSERT INTO Vocabulary (idVocabularySet, SortOrder, Term) VALUES (29, 5, 'License');
INSERT INTO Vocabulary (idVocabularySet, SortOrder, Term) VALUES (29, 6, 'License Text');
INSERT INTO Vocabulary (idVocabularySet, SortOrder, Term) VALUES (29, 7, 'Object Type');
INSERT INTO Vocabulary (idVocabularySet, SortOrder, Term) VALUES (29, 8, 'Date');
INSERT INTO Vocabulary (idVocabularySet, SortOrder, Term) VALUES (29, 9, 'Place');
INSERT INTO Vocabulary (idVocabularySet, SortOrder, Term) VALUES (29, 10, 'Topic');
INSERT INTO Vocabulary (idVocabularySet, SortOrder, Term) VALUES (29, 11, 'Identifier (FT)');
INSERT INTO Vocabulary (idVocabularySet, SortOrder, Term) VALUES (29, 12, 'Data Source (FT)');
INSERT INTO Vocabulary (idVocabularySet, SortOrder, Term) VALUES (29, 13, 'Date (FT)');
INSERT INTO Vocabulary (idVocabularySet, SortOrder, Term) VALUES (29, 14, 'Name (FT)');
INSERT INTO Vocabulary (idVocabularySet, SortOrder, Term) VALUES (29, 15, 'Object Rights (FT)');
INSERT INTO Vocabulary (idVocabularySet, SortOrder, Term) VALUES (29, 16, 'Place (FT)');
INSERT INTO Vocabulary (idVocabularySet, SortOrder, Term) VALUES (29, 17, 'Taxonomic Name (FT)');
INSERT INTO Vocabulary (idVocabularySet, SortOrder, Term) VALUES (29, 18, 'Notes (FT)');
INSERT INTO Vocabulary (idVocabularySet, SortOrder, Term) VALUES (29, 19, 'Physical Description (FT)');

SELECT idVocabulary INTO @idVocabARK FROM Vocabulary WHERE Term = 'ARK' AND idVocabularySet = (SELECT idVocabularySet FROM VocabularySet WHERE NAME = 'Identifier.IdentifierType');
SELECT idVocabulary INTO @idVocabEdanRecordID FROM Vocabulary WHERE Term = 'Edan Record ID' AND idVocabularySet = (SELECT idVocabularySet FROM VocabularySet WHERE NAME = 'Identifier.IdentifierType');
SELECT idVocabulary INTO @idVocabAccessionNumber FROM Vocabulary WHERE Term = 'Accession Number' AND idVocabularySet = (SELECT idVocabularySet FROM VocabularySet WHERE NAME = 'Identifier.IdentifierType');
SELECT idVocabulary INTO @idVocabBarcode FROM Vocabulary WHERE Term = 'Barcode' AND idVocabularySet = (SELECT idVocabularySet FROM VocabularySet WHERE NAME = 'Identifier.IdentifierType');
SELECT idVocabulary INTO @idVocabCallNumber FROM Vocabulary WHERE Term = 'Call Number' AND idVocabularySet = (SELECT idVocabularySet FROM VocabularySet WHERE NAME = 'Identifier.IdentifierType');
SELECT idVocabulary INTO @idVocabCatalogNumber FROM Vocabulary WHERE Term = 'Catalog Number' AND idVocabularySet = (SELECT idVocabularySet FROM VocabularySet WHERE NAME = 'Identifier.IdentifierType');
SELECT idVocabulary INTO @idVocabCollectorDonorNumber FROM Vocabulary WHERE Term = 'Collector/Donor Number' AND idVocabularySet = (SELECT idVocabularySet FROM VocabularySet WHERE NAME = 'Identifier.IdentifierType');
SELECT idVocabulary INTO @idVocabControlNumber FROM Vocabulary WHERE Term = 'Control Number' AND idVocabularySet = (SELECT idVocabularySet FROM VocabularySet WHERE NAME = 'Identifier.IdentifierType');
SELECT idVocabulary INTO @idVocabFieldIdentifier FROM Vocabulary WHERE Term = 'Field Identifier' AND idVocabularySet = (SELECT idVocabularySet FROM VocabularySet WHERE NAME = 'Identifier.IdentifierType');
SELECT idVocabulary INTO @idVocabGuid FROM Vocabulary WHERE Term = 'GUID' AND idVocabularySet = (SELECT idVocabularySet FROM VocabularySet WHERE NAME = 'Identifier.IdentifierType');
SELECT idVocabulary INTO @idVocabIDNumber FROM Vocabulary WHERE Term = 'ID Number' AND idVocabularySet = (SELECT idVocabularySet FROM VocabularySet WHERE NAME = 'Identifier.IdentifierType');
SELECT idVocabulary INTO @idVocabIdentifier FROM Vocabulary WHERE Term = 'Identifier' AND idVocabularySet = (SELECT idVocabularySet FROM VocabularySet WHERE NAME = 'Identifier.IdentifierType');
SELECT idVocabulary INTO @idVocabImageNumber FROM Vocabulary WHERE Term = 'Image Number' AND idVocabularySet = (SELECT idVocabularySet FROM VocabularySet WHERE NAME = 'Identifier.IdentifierType');
SELECT idVocabulary INTO @idVocabInventoryNumber FROM Vocabulary WHERE Term = 'Inventory Number' AND idVocabularySet = (SELECT idVocabularySet FROM VocabularySet WHERE NAME = 'Identifier.IdentifierType');
SELECT idVocabulary INTO @idVocabISSN FROM Vocabulary WHERE Term = 'ISSN' AND idVocabularySet = (SELECT idVocabularySet FROM VocabularySet WHERE NAME = 'Identifier.IdentifierType');
SELECT idVocabulary INTO @idVocabLocalNumber FROM Vocabulary WHERE Term = 'Local Number' AND idVocabularySet = (SELECT idVocabularySet FROM VocabularySet WHERE NAME = 'Identifier.IdentifierType');
SELECT idVocabulary INTO @idVocabNonaccessionNumber FROM Vocabulary WHERE Term = 'Nonaccession Number' AND idVocabularySet = (SELECT idVocabularySet FROM VocabularySet WHERE NAME = 'Identifier.IdentifierType');
SELECT idVocabulary INTO @idVocabObjectNumber FROM Vocabulary WHERE Term = 'Object Number' AND idVocabularySet = (SELECT idVocabularySet FROM VocabularySet WHERE NAME = 'Identifier.IdentifierType');
SELECT idVocabulary INTO @idVocabOriginalObjectIdentifier FROM Vocabulary WHERE Term = 'Original Object Identifier' AND idVocabularySet = (SELECT idVocabularySet FROM VocabularySet WHERE NAME = 'Identifier.IdentifierType');
SELECT idVocabulary INTO @idVocabOtherNumbers FROM Vocabulary WHERE Term = 'Other Numbers' AND idVocabularySet = (SELECT idVocabularySet FROM VocabularySet WHERE NAME = 'Identifier.IdentifierType');
SELECT idVocabulary INTO @idVocabPatentNumber FROM Vocabulary WHERE Term = 'Patent Number' AND idVocabularySet = (SELECT idVocabularySet FROM VocabularySet WHERE NAME = 'Identifier.IdentifierType');
SELECT idVocabulary INTO @idVocabRecordID FROM Vocabulary WHERE Term = 'Record ID' AND idVocabularySet = (SELECT idVocabularySet FROM VocabularySet WHERE NAME = 'Identifier.IdentifierType');
SELECT idVocabulary INTO @idVocabRecordNumber FROM Vocabulary WHERE Term = 'Record Number' AND idVocabularySet = (SELECT idVocabularySet FROM VocabularySet WHERE NAME = 'Identifier.IdentifierType');
SELECT idVocabulary INTO @idVocabSerialNumber FROM Vocabulary WHERE Term = 'Serial Number' AND idVocabularySet = (SELECT idVocabularySet FROM VocabularySet WHERE NAME = 'Identifier.IdentifierType');
SELECT idVocabulary INTO @idVocabStandardNumber FROM Vocabulary WHERE Term = 'Standard Number' AND idVocabularySet = (SELECT idVocabularySet FROM VocabularySet WHERE NAME = 'Identifier.IdentifierType');
SELECT idVocabulary INTO @idVocabUSNMNumber FROM Vocabulary WHERE Term = 'USNM Number' AND idVocabularySet = (SELECT idVocabularySet FROM VocabularySet WHERE NAME = 'Identifier.IdentifierType');

INSERT INTO Unit (idUnit, Name, Abbreviation, ARKPrefix) VALUES (1, 'C. J. Moyna & Sons', 'CJM', 'CJM'); INSERT INTO SystemObject (idUnit, Retired) VALUES (1, 0);

INSERT INTO Project (idProject, Name) VALUES (1, 'Antiques'); INSERT INTO SystemObject (idProject, Retired) VALUES (1, 0);

INSERT INTO User (Name, EmailAddress, SecurityID, Active, DateActivated) VALUES ("Ben O'Meara", 'bomeara@cjmoyna.com', '', 1, NOW());

INSERT INTO UnitEdan (idUnit, Name, Abbreviation) VALUES (1, 'C. J. Moyna & Sons', 'CJM');

INSERT INTO Job (idVJobType, Name, Status, Frequency) SELECT idVocabulary, Term, 1, NULL FROM Vocabulary WHERE Term = 'Cook: bake';
INSERT INTO Job (idVJobType, Name, Status, Frequency) SELECT idVocabulary, Term, 1, NULL FROM Vocabulary WHERE Term = 'Cook: decimate-unwrap';
INSERT INTO Job (idVJobType, Name, Status, Frequency) SELECT idVocabulary, Term, 1, NULL FROM Vocabulary WHERE Term = 'Cook: decimate';
INSERT INTO Job (idVJobType, Name, Status, Frequency) SELECT idVocabulary, Term, 1, NULL FROM Vocabulary WHERE Term = 'Cook: generate-usdz';
INSERT INTO Job (idVJobType, Name, Status, Frequency) SELECT idVocabulary, Term, 1, NULL FROM Vocabulary WHERE Term = 'Cook: generate-web-gltf';
INSERT INTO Job (idVJobType, Name, Status, Frequency) SELECT idVocabulary, Term, 1, NULL FROM Vocabulary WHERE Term = 'Cook: inspect-mesh';
INSERT INTO Job (idVJobType, Name, Status, Frequency) SELECT idVocabulary, Term, 1, NULL FROM Vocabulary WHERE Term = 'Cook: si-ar-backfill-fix';
INSERT INTO Job (idVJobType, Name, Status, Frequency) SELECT idVocabulary, Term, 1, NULL FROM Vocabulary WHERE Term = 'Cook: si-generate-downloads';
INSERT INTO Job (idVJobType, Name, Status, Frequency) SELECT idVocabulary, Term, 1, NULL FROM Vocabulary WHERE Term = 'Cook: si-orient-model-to-svx';
INSERT INTO Job (idVJobType, Name, Status, Frequency) SELECT idVocabulary, Term, 1, NULL FROM Vocabulary WHERE Term = 'Cook: si-packrat-inspect';
INSERT INTO Job (idVJobType, Name, Status, Frequency) SELECT idVocabulary, Term, 1, NULL FROM Vocabulary WHERE Term = 'Cook: si-voyager-asset';
INSERT INTO Job (idVJobType, Name, Status, Frequency) SELECT idVocabulary, Term, 1, NULL FROM Vocabulary WHERE Term = 'Cook: si-voyager-scene';
INSERT INTO Job (idVJobType, Name, Status, Frequency) SELECT idVocabulary, Term, 1, NULL FROM Vocabulary WHERE Term = 'Cook: unwrap';

INSERT INTO License (Name, Description, RestrictLevel) VALUES ('CC0, Publishable w/ Downloads', 'CC0, Publishable w/ Downloads', 10);
INSERT INTO License (Name, Description, RestrictLevel) VALUES ('SI ToU, Publishable w/ Downloads', 'SI ToU, Publishable w/ Downloads', 20);
INSERT INTO License (Name, Description, RestrictLevel) VALUES ('SI ToU, Publishable Only', 'SI ToU, Publishable Only', 30);
INSERT INTO License (Name, Description, RestrictLevel) VALUES ('Restricted, Not Publishable', 'Restricted, Not Publishable', 1000);

-- master_list

-- Entries for Test code
INSERT INTO Subject (idUnit, Name) VALUES (1, 'Softshell Turtle'); SET @IDSubject = LAST_INSERT_ID(); INSERT INTO SystemObject (idSubject, Retired) VALUES (@IDSubject, 0); SET @IDSOSubject = LAST_INSERT_ID(); INSERT INTO Item (Name, Title, EntireSubject) VALUES ('Softshell Turtle', '', 1); SET @IDItem = LAST_INSERT_ID(); INSERT INTO SystemObject (idItem, Retired) VALUES (@IDItem, 0); SET @IDSOItem = LAST_INSERT_ID(); INSERT INTO SystemObjectXref (idSystemObjectMaster, idSystemObjectDerived) VALUES (@IDSOSubject, @IDSOItem); INSERT INTO SystemObjectXref (idSystemObjectMaster, idSystemObjectDerived) SELECT idSystemObject, @IDSOItem FROM SystemObject WHERE idProject = 1; INSERT INTO Identifier (IdentifierValue, idVIdentifierType, idSystemObject) VALUES ('http://n2t.net/ark:/65665/30fbf8b1f-e437-488d-8150-488e741c30cf', @idVocabARK, @IDSOSubject);  SET @IDIdentifier = LAST_INSERT_ID(); UPDATE Subject SET idIdentifierPreferred = @IDIdentifier WHERE idSubject = @IDSubject; INSERT INTO Identifier (IdentifierValue, idVIdentifierType, idSystemObject) VALUES ('edanmdm:nmnheducation_11412946', @idVocabEdanRecordID, @IDSOSubject); INSERT INTO Identifier (IdentifierValue, idVIdentifierType, idSystemObject) VALUES ('EO401524', @idVocabUSNMNumber , @IDSOSubject); 
INSERT INTO Identifier (IdentifierValue, idVIdentifierType, idSystemObject) SELECT 'ITEM_GUID_1', @idVocabARK, idSystemObject FROM SystemObject WHERE idItem = (SELECT idItem FROM Item WHERE NAME = 'Softshell Turtle');
INSERT INTO Identifier (IdentifierValue, idVIdentifierType, idSystemObject) SELECT 'ITEM_GUID_2', @idVocabARK, idSystemObject FROM SystemObject WHERE idItem = (SELECT idItem FROM Item WHERE NAME = 'Softshell Turtle');
INSERT INTO Identifier (IdentifierValue, idVIdentifierType, idSystemObject) SELECT 'ITEM_GUID_3', @idVocabARK, idSystemObject FROM SystemObject WHERE idItem = (SELECT idItem FROM Item WHERE NAME = 'Softshell Turtle');